-- Hawk Eye The Rapper Database Export
-- Generated: 2025-10-18T02:51:07.519Z
-- This file contains all data from the production database

-- Clear existing data
TRUNCATE TABLE blog_posts, merch_items, tracks, albums RESTART IDENTITY CASCADE;

-- Insert Albums
INSERT INTO albums (id, title, "dedicatedTo", description, "releaseYear", "trackCount", "coverImage") VALUES (1, 'Singles Arsenal', 'The Voice of a Generation', 'Early singles and standalone tracks showcasing Hawk Eye''s versatile style and lyrical prowess.', '2018', 7, 'https://via.placeholder.com/600x600.png?text=Singles+Arsenal');
INSERT INTO albums (id, title, "dedicatedTo", description, "releaseYear", "trackCount", "coverImage") VALUES (2, 'Full Disclosure', 'A Tribute to Tupac Shakur', 'An introspective journey through truth, consciousness, and the legacy of hip-hop legends.', '2019', 15, 'https://via.placeholder.com/600x600.png?text=Full+Disclosure');
INSERT INTO albums (id, title, "dedicatedTo", description, "releaseYear", "trackCount", "coverImage") VALUES (3, 'Behold A Pale Horse', 'Inspired by William Cooper', 'A deep exploration of conspiracy, truth, and awakening in the modern world.', '2020', 11, 'https://via.placeholder.com/600x600.png?text=Behold+A+Pale+Horse');
INSERT INTO albums (id, title, "dedicatedTo", description, "releaseYear", "trackCount", "coverImage") VALUES (4, 'Milabs', 'Honoring Dr. Karla Turner', 'Uncovering hidden truths about military abductions and consciousness manipulation.', '2021', 13, 'https://via.placeholder.com/600x600.png?text=Milabs');
INSERT INTO albums (id, title, "dedicatedTo", description, "releaseYear", "trackCount", "coverImage") VALUES (5, 'Mixtape Sessions', 'The Journey Continues', 'Raw, unfiltered bars from the archive, showcasing evolution and growth.', '2021', 4, 'https://via.placeholder.com/600x600.png?text=Mixtape+Sessions');
INSERT INTO albums (id, title, "dedicatedTo", description, "releaseYear", "trackCount", "coverImage") VALUES (6, 'Shadow Banned', 'The Censored Truth', 'Hard-hitting tracks addressing censorship, control, and resistance in the digital age.', '2022', 13, 'https://via.placeholder.com/600x600.png?text=Shadow+Banned');
INSERT INTO albums (id, title, "dedicatedTo", description, "releaseYear", "trackCount", "coverImage") VALUES (7, 'Sun Tzu Reckoning', 'The Art of War in Hip-Hop', 'Strategic lyricism inspired by ancient warfare philosophy and modern battles.', '2023', 1, 'https://via.placeholder.com/600x600.png?text=Sun+Tzu+Reckoning');

-- Insert Tracks
INSERT INTO tracks (id, "albumId", title, lyrics, duration, "audioUrl", "trackNumber") VALUES (1, 1, 'Will You Listen', 'https://s3.omniversalmedia.app/src/data/HAWK-ARS-00/│   ├── 01_will_you_listen.ipynb', '3:30', NULL, 1);
INSERT INTO tracks (id, "albumId", title, lyrics, duration, "audioUrl", "trackNumber") VALUES (2, 1, 'Psyops', 'https://s3.omniversalmedia.app/src/data/HAWK-ARS-00/│   ├── 02_psyops.ipynb', '3:30', NULL, 2);
INSERT INTO tracks (id, "albumId", title, lyrics, duration, "audioUrl", "trackNumber") VALUES (3, 1, 'Incantations', 'https://s3.omniversalmedia.app/src/data/HAWK-ARS-00/│   ├── 03_incantations.ipynb', '3:30', NULL, 3);
INSERT INTO tracks (id, "albumId", title, lyrics, duration, "audioUrl", "trackNumber") VALUES (4, 1, 'Mind Kontrol', 'https://s3.omniversalmedia.app/src/data/HAWK-ARS-00/│   ├── 04_mind_kontrol.ipynb', '3:30', NULL, 4);
INSERT INTO tracks (id, "albumId", title, lyrics, duration, "audioUrl", "trackNumber") VALUES (5, 1, 'Return Of Kings', 'https://s3.omniversalmedia.app/src/data/HAWK-ARS-00/│   ├── 05_return_of_kings.ipynb', '3:30', NULL, 5);
INSERT INTO tracks (id, "albumId", title, lyrics, duration, "audioUrl", "trackNumber") VALUES (6, 1, 'Politicians', 'https://s3.omniversalmedia.app/src/data/HAWK-ARS-00/│   ├── 06_politicians.ipynb', '3:30', NULL, 6);
INSERT INTO tracks (id, "albumId", title, lyrics, duration, "audioUrl", "trackNumber") VALUES (7, 1, 'The Vow', 'https://s3.omniversalmedia.app/src/data/HAWK-ARS-00/│   ├── 07_the_vow.ipynb', '3:30', NULL, 7);
INSERT INTO tracks (id, "albumId", title, lyrics, duration, "audioUrl", "trackNumber") VALUES (8, 2, 'Swordfish', 'https://s3.omniversalmedia.app/src/data/HAWK-ARS-00/│   │   ├── 01_swordfish.ipynb', '3:30', NULL, 8);
INSERT INTO tracks (id, "albumId", title, lyrics, duration, "audioUrl", "trackNumber") VALUES (9, 2, 'Mic Check', 'https://s3.omniversalmedia.app/src/data/HAWK-ARS-00/│   │   ├── 02_mic_check.ipynb', '3:30', NULL, 9);
INSERT INTO tracks (id, "albumId", title, lyrics, duration, "audioUrl", "trackNumber") VALUES (10, 2, 'Shakur', 'https://s3.omniversalmedia.app/src/data/HAWK-ARS-00/│   │   ├── 03_shakur.ipynb', '3:30', NULL, 10);
INSERT INTO tracks (id, "albumId", title, lyrics, duration, "audioUrl", "trackNumber") VALUES (11, 2, 'Last One Left', 'https://s3.omniversalmedia.app/src/data/HAWK-ARS-00/│   │   ├── 04_last_one_left.ipynb', '3:30', NULL, 11);
INSERT INTO tracks (id, "albumId", title, lyrics, duration, "audioUrl", "trackNumber") VALUES (12, 2, 'Full Disclosure', 'https://s3.omniversalmedia.app/src/data/HAWK-ARS-00/│   │   ├── 05_full_disclosure.ipynb', '3:30', NULL, 12);
INSERT INTO tracks (id, "albumId", title, lyrics, duration, "audioUrl", "trackNumber") VALUES (13, 2, 'Lifted', 'https://s3.omniversalmedia.app/src/data/HAWK-ARS-00/│   │   ├── 06_lifted.ipynb', '3:30', NULL, 13);
INSERT INTO tracks (id, "albumId", title, lyrics, duration, "audioUrl", "trackNumber") VALUES (14, 2, 'Fuck Society', 'https://s3.omniversalmedia.app/src/data/HAWK-ARS-00/│   │   ├── 07_fuck_society.ipynb', '3:30', NULL, 14);
INSERT INTO tracks (id, "albumId", title, lyrics, duration, "audioUrl", "trackNumber") VALUES (15, 2, 'Ashes', 'https://s3.omniversalmedia.app/src/data/HAWK-ARS-00/│   │   ├── 08_ashes.ipynb', '3:30', NULL, 15);
INSERT INTO tracks (id, "albumId", title, lyrics, duration, "audioUrl", "trackNumber") VALUES (16, 2, 'Haunted', 'https://s3.omniversalmedia.app/src/data/HAWK-ARS-00/│   │   ├── 09_haunted.ipynb', '3:30', NULL, 16);
INSERT INTO tracks (id, "albumId", title, lyrics, duration, "audioUrl", "trackNumber") VALUES (17, 2, 'Monumental', 'https://s3.omniversalmedia.app/src/data/HAWK-ARS-00/│   │   ├── 10_monumental.ipynb', '3:30', NULL, 17);
INSERT INTO tracks (id, "albumId", title, lyrics, duration, "audioUrl", "trackNumber") VALUES (18, 2, 'Trafficked Web', 'https://s3.omniversalmedia.app/src/data/HAWK-ARS-00/│   │   ├── 11_trafficked_web.md', '3:30', NULL, 18);
INSERT INTO tracks (id, "albumId", title, lyrics, duration, "audioUrl", "trackNumber") VALUES (19, 2, 'Trafficked', 'https://s3.omniversalmedia.app/src/data/HAWK-ARS-00/│   │   ├── 11_trafficked.ipynb', '3:30', NULL, 19);
INSERT INTO tracks (id, "albumId", title, lyrics, duration, "audioUrl", "trackNumber") VALUES (20, 2, 'Hocus Pocus', 'https://s3.omniversalmedia.app/src/data/HAWK-ARS-00/│   │   ├── 12_hocus_pocus.ipynb', '3:30', NULL, 20);
INSERT INTO tracks (id, "albumId", title, lyrics, duration, "audioUrl", "trackNumber") VALUES (21, 2, 'Syntax', 'https://s3.omniversalmedia.app/src/data/HAWK-ARS-00/│   │   ├── 13_syntax.ipynb', '3:30', NULL, 21);
INSERT INTO tracks (id, "albumId", title, lyrics, duration, "audioUrl", "trackNumber") VALUES (22, 2, 'Stay Real', 'https://s3.omniversalmedia.app/src/data/HAWK-ARS-00/│   │   ├── 14_stay_real.ipynb', '3:30', NULL, 22);
INSERT INTO tracks (id, "albumId", title, lyrics, duration, "audioUrl", "trackNumber") VALUES (23, 2, 'The Story Of Our Former Glory', 'https://s3.omniversalmedia.app/src/data/HAWK-ARS-00/│   │   ├── 15_the_story_of_our_former_glory.ipynb', '3:30', NULL, 23);
INSERT INTO tracks (id, "albumId", title, lyrics, duration, "audioUrl", "trackNumber") VALUES (24, 3, 'Warning Shots', 'https://s3.omniversalmedia.app/src/data/HAWK-ARS-00/│   │   ├── 01_warning_shots.ipynb', '3:30', NULL, 24);
INSERT INTO tracks (id, "albumId", title, lyrics, duration, "audioUrl", "trackNumber") VALUES (25, 3, 'Behold A Pale Horse', 'https://s3.omniversalmedia.app/src/data/HAWK-ARS-00/│   │   ├── 02_behold_a_pale_horse.ipynb', '3:30', NULL, 25);
INSERT INTO tracks (id, "albumId", title, lyrics, duration, "audioUrl", "trackNumber") VALUES (26, 3, 'Kamikaze', 'https://s3.omniversalmedia.app/src/data/HAWK-ARS-00/│   │   ├── 03_kamikaze.ipynb', '3:30', NULL, 26);
INSERT INTO tracks (id, "albumId", title, lyrics, duration, "audioUrl", "trackNumber") VALUES (27, 3, 'Whistleblower', 'https://s3.omniversalmedia.app/src/data/HAWK-ARS-00/│   │   ├── 04_whistleblower.ipynb', '3:30', NULL, 27);
INSERT INTO tracks (id, "albumId", title, lyrics, duration, "audioUrl", "trackNumber") VALUES (28, 3, 'Superstitions', 'https://s3.omniversalmedia.app/src/data/HAWK-ARS-00/│   │   ├── 05_superstitions.ipynb', '3:30', NULL, 28);
INSERT INTO tracks (id, "albumId", title, lyrics, duration, "audioUrl", "trackNumber") VALUES (29, 3, 'Scripture', 'https://s3.omniversalmedia.app/src/data/HAWK-ARS-00/│   │   ├── 06_scripture.ipynb', '3:30', NULL, 29);
INSERT INTO tracks (id, "albumId", title, lyrics, duration, "audioUrl", "trackNumber") VALUES (30, 3, 'Menace To Society', 'https://s3.omniversalmedia.app/src/data/HAWK-ARS-00/│   │   ├── 07_menace_to_society.ipynb', '3:30', NULL, 30);
INSERT INTO tracks (id, "albumId", title, lyrics, duration, "audioUrl", "trackNumber") VALUES (31, 3, 'Semi-Automatic', 'https://s3.omniversalmedia.app/src/data/HAWK-ARS-00/│   │   ├── 08_semi-automatic.ipynb', '3:30', NULL, 31);
INSERT INTO tracks (id, "albumId", title, lyrics, duration, "audioUrl", "trackNumber") VALUES (32, 3, 'Reverse This Curse', 'https://s3.omniversalmedia.app/src/data/HAWK-ARS-00/│   │   ├── 09_reverse_this_curse.ipynb', '3:30', NULL, 32);
INSERT INTO tracks (id, "albumId", title, lyrics, duration, "audioUrl", "trackNumber") VALUES (33, 3, 'Kt', 'https://s3.omniversalmedia.app/src/data/HAWK-ARS-00/│   │   ├── 10_kt.ipynb', '3:30', NULL, 33);
INSERT INTO tracks (id, "albumId", title, lyrics, duration, "audioUrl", "trackNumber") VALUES (34, 3, 'The Story Celebrated Throughout Time', 'https://s3.omniversalmedia.app/src/data/HAWK-ARS-00/│   │   ├── 11_the_story_celebrated_throughout_time.ipynb', '3:30', NULL, 34);
INSERT INTO tracks (id, "albumId", title, lyrics, duration, "audioUrl", "trackNumber") VALUES (35, 1, 'Everlightsinitialthoughts', 'https://s3.omniversalmedia.app/src/data/HAWK-ARS-00/│   │   ├── EverLightsInitialThoughts.ipynb', '3:30', NULL, 35);
INSERT INTO tracks (id, "albumId", title, lyrics, duration, "audioUrl", "trackNumber") VALUES (36, 1, 'Everlightsrite', 'https://s3.omniversalmedia.app/src/data/HAWK-ARS-00/│   │   ├── EverLightsRite.ipynb', '3:30', NULL, 36);
INSERT INTO tracks (id, "albumId", title, lyrics, duration, "audioUrl", "trackNumber") VALUES (37, 1, '└Everlightsrite', 'https://s3.omniversalmedia.app/src/data/HAWK-ARS-00/│   │   └── EverLightsRite.md', '3:30', NULL, 37);
INSERT INTO tracks (id, "albumId", title, lyrics, duration, "audioUrl", "trackNumber") VALUES (38, 4, 'Soft Disclosure', 'https://s3.omniversalmedia.app/src/data/HAWK-ARS-00/│   │   ├── 01_soft_disclosure.ipynb', '3:30', NULL, 38);
INSERT INTO tracks (id, "albumId", title, lyrics, duration, "audioUrl", "trackNumber") VALUES (39, 4, 'Abreactions', 'https://s3.omniversalmedia.app/src/data/HAWK-ARS-00/│   │   ├── 02_abreactions.ipynb', '3:30', NULL, 39);
INSERT INTO tracks (id, "albumId", title, lyrics, duration, "audioUrl", "trackNumber") VALUES (40, 4, 'Eyes Wide Open', 'https://s3.omniversalmedia.app/src/data/HAWK-ARS-00/│   │   ├── 03_eyes_wide_open.ipynb', '3:30', NULL, 40);
INSERT INTO tracks (id, "albumId", title, lyrics, duration, "audioUrl", "trackNumber") VALUES (41, 4, 'Delta Squad', 'https://s3.omniversalmedia.app/src/data/HAWK-ARS-00/│   │   ├── 04_delta_squad.ipynb', '3:30', NULL, 41);
INSERT INTO tracks (id, "albumId", title, lyrics, duration, "audioUrl", "trackNumber") VALUES (42, 4, 'Implants', 'https://s3.omniversalmedia.app/src/data/HAWK-ARS-00/│   │   ├── 05_implants.ipynb', '3:30', NULL, 42);
INSERT INTO tracks (id, "albumId", title, lyrics, duration, "audioUrl", "trackNumber") VALUES (43, 4, 'Illuminati', 'https://s3.omniversalmedia.app/src/data/HAWK-ARS-00/│   │   ├── 06_illuminati.ipynb', '3:30', NULL, 43);
INSERT INTO tracks (id, "albumId", title, lyrics, duration, "audioUrl", "trackNumber") VALUES (44, 4, 'Fema', 'https://s3.omniversalmedia.app/src/data/HAWK-ARS-00/│   │   ├── 07_fema.ipynb', '3:30', NULL, 44);
INSERT INTO tracks (id, "albumId", title, lyrics, duration, "audioUrl", "trackNumber") VALUES (45, 4, 'The Antidote', 'https://s3.omniversalmedia.app/src/data/HAWK-ARS-00/│   │   ├── 08_the_antidote.ipynb', '3:30', NULL, 45);
INSERT INTO tracks (id, "albumId", title, lyrics, duration, "audioUrl", "trackNumber") VALUES (46, 4, 'Avalanche', 'https://s3.omniversalmedia.app/src/data/HAWK-ARS-00/│   │   ├── 09_avalanche.ipynb', '3:30', NULL, 46);
INSERT INTO tracks (id, "albumId", title, lyrics, duration, "audioUrl", "trackNumber") VALUES (47, 4, 'Artificial Intelligence', 'https://s3.omniversalmedia.app/src/data/HAWK-ARS-00/│   │   ├── 10_artificial_intelligence.ipynb', '3:30', NULL, 47);
INSERT INTO tracks (id, "albumId", title, lyrics, duration, "audioUrl", "trackNumber") VALUES (48, 4, 'Legion', 'https://s3.omniversalmedia.app/src/data/HAWK-ARS-00/│   │   ├── 11_legion.ipynb', '3:30', NULL, 48);
INSERT INTO tracks (id, "albumId", title, lyrics, duration, "audioUrl", "trackNumber") VALUES (49, 4, 'When My Elites Surround', 'https://s3.omniversalmedia.app/src/data/HAWK-ARS-00/│   │   ├── 12_when_my_elites_surround.ipynb', '3:30', NULL, 49);
INSERT INTO tracks (id, "albumId", title, lyrics, duration, "audioUrl", "trackNumber") VALUES (50, 4, 'Reincarnated 2 Resist', 'https://s3.omniversalmedia.app/src/data/HAWK-ARS-00/│   │   ├── 13_reincarnated_2_resist.ipynb', '3:30', NULL, 50);
INSERT INTO tracks (id, "albumId", title, lyrics, duration, "audioUrl", "trackNumber") VALUES (51, 1, 'Everlightsrite Themixtapesessions', 'https://s3.omniversalmedia.app/src/data/HAWK-ARS-00/│   │   ├── EverLightsRite_TheMixtapeSessions.ipynb', '3:30', NULL, 51);
INSERT INTO tracks (id, "albumId", title, lyrics, duration, "audioUrl", "trackNumber") VALUES (52, 1, 'Fulldisclosure Critical', 'https://s3.omniversalmedia.app/src/data/HAWK-ARS-00/│   ├── FullDisclosure_Critical.md', '3:30', NULL, 52);
INSERT INTO tracks (id, "albumId", title, lyrics, duration, "audioUrl", "trackNumber") VALUES (53, 1, 'Hawkeyetherapper–Beholdapalehorse Inspire', 'https://s3.omniversalmedia.app/src/data/HAWK-ARS-00/│   ├── Hawk Eye The Rapper – Behold a Pale Horse_ Inspire.md', '3:30', NULL, 53);
INSERT INTO tracks (id, "albumId", title, lyrics, duration, "audioUrl", "trackNumber") VALUES (54, 1, 'Hawkeyetherapper–Fulldisclosure Atributet', 'https://s3.omniversalmedia.app/src/data/HAWK-ARS-00/│   ├── Hawk Eye The Rapper – Full Disclosure_ A Tribute t.md', '3:30', NULL, 54);
INSERT INTO tracks (id, "albumId", title, lyrics, duration, "audioUrl", "trackNumber") VALUES (55, 1, 'Hawkeyetherapper–Milabs Honoringdr.Karlat', 'https://s3.omniversalmedia.app/src/data/HAWK-ARS-00/│   ├── Hawk Eye The Rapper – Milabs_ Honoring Dr. Karla T.md', '3:30', NULL, 55);
INSERT INTO tracks (id, "albumId", title, lyrics, duration, "audioUrl", "trackNumber") VALUES (56, 5, 'Malicious', 'https://s3.omniversalmedia.app/src/data/HAWK-ARS-00/│   │   ├── 01_malicious.ipynb', '3:30', NULL, 56);
INSERT INTO tracks (id, "albumId", title, lyrics, duration, "audioUrl", "trackNumber") VALUES (57, 5, '01-Malicious', 'https://s3.omniversalmedia.app/src/data/HAWK-ARS-00/│   │   ├── 01-malicious.md', '3:30', NULL, 57);
INSERT INTO tracks (id, "albumId", title, lyrics, duration, "audioUrl", "trackNumber") VALUES (58, 5, 'Gang Shit', 'https://s3.omniversalmedia.app/src/data/HAWK-ARS-00/│   │   ├── 02_gang_shit.ipynb', '3:30', NULL, 58);
INSERT INTO tracks (id, "albumId", title, lyrics, duration, "audioUrl", "trackNumber") VALUES (59, 5, '02-Gang Shit', 'https://s3.omniversalmedia.app/src/data/HAWK-ARS-00/│   │   ├── 02-gang_shit.md', '3:30', NULL, 59);
INSERT INTO tracks (id, "albumId", title, lyrics, duration, "audioUrl", "trackNumber") VALUES (60, 5, 'The Motherfucking Problem', 'https://s3.omniversalmedia.app/src/data/HAWK-ARS-00/│   │   ├── 03_the_motherfucking_problem.ipynb', '3:30', NULL, 60);
INSERT INTO tracks (id, "albumId", title, lyrics, duration, "audioUrl", "trackNumber") VALUES (61, 5, '03-The Motherfucking Problem', 'https://s3.omniversalmedia.app/src/data/HAWK-ARS-00/│   │   ├── 03-the_motherfucking_problem.md', '3:30', NULL, 61);
INSERT INTO tracks (id, "albumId", title, lyrics, duration, "audioUrl", "trackNumber") VALUES (62, 5, 'Im Him', 'https://s3.omniversalmedia.app/src/data/HAWK-ARS-00/│   │   ├── 04_im_him.ipynb', '3:30', NULL, 62);
INSERT INTO tracks (id, "albumId", title, lyrics, duration, "audioUrl", "trackNumber") VALUES (63, 5, '04-Im Him', 'https://s3.omniversalmedia.app/src/data/HAWK-ARS-00/│   │   ├── 04-im_him.md', '3:30', NULL, 63);
INSERT INTO tracks (id, "albumId", title, lyrics, duration, "audioUrl", "trackNumber") VALUES (64, 1, '001Psychwar', 'https://s3.omniversalmedia.app/src/data/HAWK-ARS-00/│   │   ├── 001psychwar.md', '3:30', NULL, 64);
INSERT INTO tracks (id, "albumId", title, lyrics, duration, "audioUrl", "trackNumber") VALUES (65, 6, 'Psychological Warfare', 'https://s3.omniversalmedia.app/src/data/HAWK-ARS-00/│   │   ├── 01_psychological_warfare.ipynb', '3:30', NULL, 65);
INSERT INTO tracks (id, "albumId", title, lyrics, duration, "audioUrl", "trackNumber") VALUES (66, 6, 'Down The Rabbit Hole', 'https://s3.omniversalmedia.app/src/data/HAWK-ARS-00/│   │   ├── 02_down_the_rabbit_hole.ipynb', '3:30', NULL, 66);
INSERT INTO tracks (id, "albumId", title, lyrics, duration, "audioUrl", "trackNumber") VALUES (67, 6, 'Domestic Terrorist', 'https://s3.omniversalmedia.app/src/data/HAWK-ARS-00/│   │   ├── 03_domestic_terrorist.ipynb', '3:30', NULL, 67);
INSERT INTO tracks (id, "albumId", title, lyrics, duration, "audioUrl", "trackNumber") VALUES (68, 6, 'Relentless', 'https://s3.omniversalmedia.app/src/data/HAWK-ARS-00/│   │   ├── 04_relentless.ipynb', '3:30', NULL, 68);
INSERT INTO tracks (id, "albumId", title, lyrics, duration, "audioUrl", "trackNumber") VALUES (69, 6, 'Never Heard Of Me', 'https://s3.omniversalmedia.app/src/data/HAWK-ARS-00/│   │   ├── 05_never_heard_of_me.ipynb', '3:30', NULL, 69);
INSERT INTO tracks (id, "albumId", title, lyrics, duration, "audioUrl", "trackNumber") VALUES (70, 6, 'Spiteful Poetry', 'https://s3.omniversalmedia.app/src/data/HAWK-ARS-00/│   │   ├── 06_spiteful_poetry.ipynb', '3:30', NULL, 70);
INSERT INTO tracks (id, "albumId", title, lyrics, duration, "audioUrl", "trackNumber") VALUES (71, 6, 'Devils In The Details', 'https://s3.omniversalmedia.app/src/data/HAWK-ARS-00/│   │   ├── 07_devils_in_the_details.md', '3:30', NULL, 71);
INSERT INTO tracks (id, "albumId", title, lyrics, duration, "audioUrl", "trackNumber") VALUES (72, 6, 'The Devils In The Details', 'https://s3.omniversalmedia.app/src/data/HAWK-ARS-00/│   │   ├── 07_the_devils_in_the_details.ipynb', '3:30', NULL, 72);
INSERT INTO tracks (id, "albumId", title, lyrics, duration, "audioUrl", "trackNumber") VALUES (73, 6, 'The Game', 'https://s3.omniversalmedia.app/src/data/HAWK-ARS-00/│   │   ├── 08_the_game.ipynb', '3:30', NULL, 73);
INSERT INTO tracks (id, "albumId", title, lyrics, duration, "audioUrl", "trackNumber") VALUES (74, 6, 'The Shadow Is Rising', 'https://s3.omniversalmedia.app/src/data/HAWK-ARS-00/│   │   ├── 09_the_shadow_is_rising.ipynb', '3:30', NULL, 74);
INSERT INTO tracks (id, "albumId", title, lyrics, duration, "audioUrl", "trackNumber") VALUES (75, 6, 'When Shit Gets Real', 'https://s3.omniversalmedia.app/src/data/HAWK-ARS-00/│   │   ├── 10_when_shit_gets_real.ipynb', '3:30', NULL, 75);
INSERT INTO tracks (id, "albumId", title, lyrics, duration, "audioUrl", "trackNumber") VALUES (76, 6, 'Synthesis', 'https://s3.omniversalmedia.app/src/data/HAWK-ARS-00/│   │   ├── 11_synthesis.ipynb', '3:30', NULL, 76);
INSERT INTO tracks (id, "albumId", title, lyrics, duration, "audioUrl", "trackNumber") VALUES (77, 6, 'Invokation', 'https://s3.omniversalmedia.app/src/data/HAWK-ARS-00/│   │   ├── 12_invokation.ipynb', '3:30', NULL, 77);
INSERT INTO tracks (id, "albumId", title, lyrics, duration, "audioUrl", "trackNumber") VALUES (78, 6, 'Krystal Klear', 'https://s3.omniversalmedia.app/src/data/HAWK-ARS-00/│   │   ├── 13_krystal_klear.ipynb', '3:30', NULL, 78);
INSERT INTO tracks (id, "albumId", title, lyrics, duration, "audioUrl", "trackNumber") VALUES (79, 7, 'Sun Tzu', 'https://s3.omniversalmedia.app/src/data/HAWK-ARS-00/│   ├── Sun_Tzu.ipynb', '3:30', NULL, 79);
INSERT INTO tracks (id, "albumId", title, lyrics, duration, "audioUrl", "trackNumber") VALUES (80, 7, 'Sunbook', 'https://s3.omniversalmedia.app/src/data/HAWK-ARS-00/│   ├── SunBook.ipynb', '3:30', NULL, 80);
INSERT INTO tracks (id, "albumId", title, lyrics, duration, "audioUrl", "trackNumber") VALUES (81, 3, 'Behold A Pale Horse', 'https://s3.omniversalmedia.app/src/data/HAWK-ARS-00/│   ├── Behold_A_Pale_Horse.md', '3:30', NULL, 81);
INSERT INTO tracks (id, "albumId", title, lyrics, duration, "audioUrl", "trackNumber") VALUES (82, 2, 'Full Disclosure', 'https://s3.omniversalmedia.app/src/data/HAWK-ARS-00/│   ├── Full_Disclosure.md', '3:30', NULL, 82);
INSERT INTO tracks (id, "albumId", title, lyrics, duration, "audioUrl", "trackNumber") VALUES (83, 5, 'Malicious Ep', 'https://s3.omniversalmedia.app/src/data/HAWK-ARS-00/│   ├── Malicious_EP.md', '3:30', NULL, 83);
INSERT INTO tracks (id, "albumId", title, lyrics, duration, "audioUrl", "trackNumber") VALUES (84, 1, 'Milabs', 'https://s3.omniversalmedia.app/src/data/HAWK-ARS-00/│   ├── MILABS.md', '3:30', NULL, 84);
INSERT INTO tracks (id, "albumId", title, lyrics, duration, "audioUrl", "trackNumber") VALUES (85, 1, 'Shadow Banned', 'https://s3.omniversalmedia.app/src/data/HAWK-ARS-00/│   ├── Shadow_Banned.md', '3:30', NULL, 85);
INSERT INTO tracks (id, "albumId", title, lyrics, duration, "audioUrl", "trackNumber") VALUES (86, 1, '└Singles Arc', 'https://s3.omniversalmedia.app/src/data/HAWK-ARS-00/│   └── Singles_Arc.md', '3:30', NULL, 86);
INSERT INTO tracks (id, "albumId", title, lyrics, duration, "audioUrl", "trackNumber") VALUES (87, 1, 'Phase Ii Hypothesis', 'https://s3.omniversalmedia.app/src/data/HAWK-ARS-00/│   ├── Phase_II_Hypothesis.md', '3:30', NULL, 87);
INSERT INTO tracks (id, "albumId", title, lyrics, duration, "audioUrl", "trackNumber") VALUES (88, 1, 'Singles', 'https://s3.omniversalmedia.app/src/data/HAWK-ARS-00/│   ├── Singles.md', '3:30', NULL, 88);
INSERT INTO tracks (id, "albumId", title, lyrics, duration, "audioUrl", "trackNumber") VALUES (89, 1, '└The Mixtape Sessions', 'https://s3.omniversalmedia.app/src/data/HAWK-ARS-00/│   └── The_Mixtape_Sessions.md', '3:30', NULL, 89);
INSERT INTO tracks (id, "albumId", title, lyrics, duration, "audioUrl", "trackNumber") VALUES (90, 1, 'Baph', 'https://s3.omniversalmedia.app/src/data/HAWK-ARS-00/│   ├── BAPH.md', '3:30', NULL, 90);
INSERT INTO tracks (id, "albumId", title, lyrics, duration, "audioUrl", "trackNumber") VALUES (91, 5, 'Malicious', 'https://s3.omniversalmedia.app/src/data/HAWK-ARS-00/│   ├── Malicious.md', '3:30', NULL, 91);
INSERT INTO tracks (id, "albumId", title, lyrics, duration, "audioUrl", "trackNumber") VALUES (92, 1, 'Phase Ii', 'https://s3.omniversalmedia.app/src/data/HAWK-ARS-00/│   ├── Phase_II.md', '3:30', NULL, 92);
INSERT INTO tracks (id, "albumId", title, lyrics, duration, "audioUrl", "trackNumber") VALUES (93, 1, 'Readme', 'https://s3.omniversalmedia.app/src/data/HAWK-ARS-00/│   ├── README.md', '3:30', NULL, 93);
INSERT INTO tracks (id, "albumId", title, lyrics, duration, "audioUrl", "trackNumber") VALUES (94, 1, '└Singles', 'https://s3.omniversalmedia.app/src/data/HAWK-ARS-00/│   └── Singles.md', '3:30', NULL, 94);
INSERT INTO tracks (id, "albumId", title, lyrics, duration, "audioUrl", "trackNumber") VALUES (95, 1, '└Readme', 'https://s3.omniversalmedia.app/src/data/HAWK-ARS-00/│   │   └── README.md', '3:30', NULL, 95);
INSERT INTO tracks (id, "albumId", title, lyrics, duration, "audioUrl", "trackNumber") VALUES (96, 1, '└Everlights Rite', 'https://s3.omniversalmedia.app/src/data/HAWK-ARS-00/│   │   └── EverLights_Rite.md', '3:30', NULL, 96);
INSERT INTO tracks (id, "albumId", title, lyrics, duration, "audioUrl", "trackNumber") VALUES (97, 1, '└Phase 2 Foreshadowing', 'https://s3.omniversalmedia.app/src/data/HAWK-ARS-00/│       └── PHASE_2_Foreshadowing.md', '3:30', NULL, 97);
INSERT INTO tracks (id, "albumId", title, lyrics, duration, "audioUrl", "trackNumber") VALUES (98, 1, 'Master Index', 'https://s3.omniversalmedia.app/src/data/HAWK-ARS-00/Master_Index.ipynb', '3:30', NULL, 98);
INSERT INTO tracks (id, "albumId", title, lyrics, duration, "audioUrl", "trackNumber") VALUES (99, 1, 'Unmaskingreality Hawkeyetherapper S Mixtape', 'https://s3.omniversalmedia.app/src/data/HAWK-ARS-00/Unmasking Reality_ Hawk Eye The Rapper_s _Mixtape .md', '3:30', NULL, 99);

-- Insert Merchandise
INSERT INTO merch_items (id, name, description, price, category, "imageUrl", "inStock") VALUES (1, 'Hawk Vision T-Shirt', 'T-shirt featuring a hawk''s eye with musical notes in graffiti style. Color scheme: Black and Neon Green.', 25, 'Apparel', NULL, 1);
INSERT INTO merch_items (id, name, description, price, category, "imageUrl", "inStock") VALUES (2, 'Graffiti Eye Long Sleeve', 'Long sleeve shirt with Hawk Eye in bold graffiti across the chest. Color scheme: Gray and Red.', 30, 'Apparel', NULL, 1);
INSERT INTO merch_items (id, name, description, price, category, "imageUrl", "inStock") VALUES (3, 'Visionary Lyrics Hoodie', 'Hoodie displaying stylized lyrics forming a hawk silhouette. Color scheme: Black and Gold.', 50, 'Apparel', NULL, 1);
INSERT INTO merch_items (id, name, description, price, category, "imageUrl", "inStock") VALUES (4, 'Winged Mic Bomber Jacket', 'Bomber jacket with a winged microphone graphic on the back. Color scheme: Army Green and White.', 60, 'Apparel', NULL, 1);
INSERT INTO merch_items (id, name, description, price, category, "imageUrl", "inStock") VALUES (5, 'Hawk Emblem Jersey', 'Sports jersey featuring a hawk emblem and number print. Color scheme: Black and Orange.', 45, 'Apparel', NULL, 1);
INSERT INTO merch_items (id, name, description, price, category, "imageUrl", "inStock") VALUES (6, 'Urban Camo Snapback Cap', 'Camouflage-pattern snapback cap with hawk logo embroidery. Color scheme: Green Camo and Black.', 30, 'Accessories', NULL, 1);
INSERT INTO merch_items (id, name, description, price, category, "imageUrl", "inStock") VALUES (7, 'Eye of the Hawk Phone Case', 'Phone case featuring a close-up hawk eye graphic. Color scheme: Black and Yellow.', 15, 'Accessories', NULL, 1);
INSERT INTO merch_items (id, name, description, price, category, "imageUrl", "inStock") VALUES (8, 'Golden Hawk Keychain', 'Metal keychain with a golden hawk emblem charm. Color scheme: Gold and Black.', 10, 'Accessories', NULL, 1);
INSERT INTO merch_items (id, name, description, price, category, "imageUrl", "inStock") VALUES (9, 'Hawk Eye Enamel Pin', 'Enamel pin of the Hawk Eye logo for jackets or bags. Color scheme: Black and Silver.', 8, 'Accessories', NULL, 1);
INSERT INTO merch_items (id, name, description, price, category, "imageUrl", "inStock") VALUES (10, 'Eye on the Prize Wristband', 'Black silicone wristband debossed with Eye on the Prize motto. Color scheme: Black and White.', 5, 'Accessories', NULL, 1);
INSERT INTO merch_items (id, name, description, price, category, "imageUrl", "inStock") VALUES (11, 'Graffiti Tag Poster', 'Poster with Hawk Eye''s name in vibrant graffiti lettering. Color scheme: Multicolor on Black.', 15, 'Posters', NULL, 1);
INSERT INTO merch_items (id, name, description, price, category, "imageUrl", "inStock") VALUES (12, 'City Skyline Hawk Poster', 'Art poster of a hawk flying over an urban city skyline at dusk. Color scheme: Orange and Purple.', 15, 'Posters', NULL, 1);
INSERT INTO merch_items (id, name, description, price, category, "imageUrl", "inStock") VALUES (13, 'Winged Mic Art Poster', 'Illustrated poster of a microphone with wings and music notes. Color scheme: Black and White.', 20, 'Posters', NULL, 1);
INSERT INTO merch_items (id, name, description, price, category, "imageUrl", "inStock") VALUES (14, 'Hawk Eye Logo Sticker', 'Die-cut sticker of the Hawk Eye logo in full color. Color scheme: Brown and Yellow.', 3, 'Stickers', NULL, 1);
INSERT INTO merch_items (id, name, description, price, category, "imageUrl", "inStock") VALUES (15, 'Street Graffiti Sticker', 'Sticker mimicking a graffiti tag of Hawk Eye''s name. Color scheme: Red and Black.', 3, 'Stickers', NULL, 1);
INSERT INTO merch_items (id, name, description, price, category, "imageUrl", "inStock") VALUES (16, 'Omniversal Logo T-Shirt', 'T-shirt with the Omniversal logo and a subtle galaxy background. Color scheme: Navy Blue and White.', 20, 'Apparel', NULL, 1);
INSERT INTO merch_items (id, name, description, price, category, "imageUrl", "inStock") VALUES (17, 'Galactic Dreams T-Shirt', 'Tee featuring a vibrant galaxy print with shooting stars. Color scheme: Black and Purple.', 25, 'Apparel', NULL, 1);
INSERT INTO merch_items (id, name, description, price, category, "imageUrl", "inStock") VALUES (18, 'Cosmic Unity Hoodie', 'Hoodie displaying interconnected planets symbolizing unity. Color scheme: Dark Gray and Blue.', 45, 'Apparel', NULL, 1);
INSERT INTO merch_items (id, name, description, price, category, "imageUrl", "inStock") VALUES (19, 'Infinite Cosmos Long Sleeve', 'Long sleeve shirt with an infinite universe illustration on the back. Color scheme: Black and Teal.', 30, 'Apparel', NULL, 1);
INSERT INTO merch_items (id, name, description, price, category, "imageUrl", "inStock") VALUES (20, 'Nebula Bomber Jacket', 'Bomber jacket featuring an all-over nebula cloud print. Color scheme: Purple and Pink.', 60, 'Apparel', NULL, 1);
INSERT INTO merch_items (id, name, description, price, category, "imageUrl", "inStock") VALUES (21, 'Galaxy Phone Case', 'Phone case with a colorful spiral galaxy design. Color scheme: Blue and Purple.', 15, 'Accessories', NULL, 1);
INSERT INTO merch_items (id, name, description, price, category, "imageUrl", "inStock") VALUES (22, 'Cosmic Coffee Mug', 'Ceramic mug printed with a starry night sky and Omniversal text. Color scheme: Black and Silver.', 12, 'Accessories', NULL, 1);
INSERT INTO merch_items (id, name, description, price, category, "imageUrl", "inStock") VALUES (23, 'Omniversal Logo Keychain', 'Acrylic keychain with the Omniversal emblem in full color. Color scheme: Blue and White.', 8, 'Accessories', NULL, 1);
INSERT INTO merch_items (id, name, description, price, category, "imageUrl", "inStock") VALUES (24, 'Celestial Canvas Tote Bag', 'Canvas tote bag printed with planets and stars artwork. Color scheme: Black and Multicolor.', 15, 'Accessories', NULL, 1);
INSERT INTO merch_items (id, name, description, price, category, "imageUrl", "inStock") VALUES (25, 'Stardust Cap', 'Black cap speckled with embroidered stars and Omniversal text. Color scheme: Black and White.', 25, 'Accessories', NULL, 1);
INSERT INTO merch_items (id, name, description, price, category, "imageUrl", "inStock") VALUES (26, 'Omniversal Galaxy Poster', 'Large poster showcasing a spiral galaxy with the Omniversal logo. Color scheme: Blue and Black.', 15, 'Posters', NULL, 1);
INSERT INTO merch_items (id, name, description, price, category, "imageUrl", "inStock") VALUES (27, 'Cosmic Mandala Poster', 'Poster of a mandala made of stars and planets. Color scheme: Purple and Gold.', 15, 'Posters', NULL, 1);
INSERT INTO merch_items (id, name, description, price, category, "imageUrl", "inStock") VALUES (28, 'Celestial Alignment Poster', 'Artwork poster depicting planets aligned in a cosmic scene. Color scheme: Blue and Orange.', 20, 'Posters', NULL, 1);
INSERT INTO merch_items (id, name, description, price, category, "imageUrl", "inStock") VALUES (29, 'Omniversal Logo Sticker', 'Round sticker featuring the Omniversal logo and starfield background. Color scheme: Blue and White.', 3, 'Stickers', NULL, 1);
INSERT INTO merch_items (id, name, description, price, category, "imageUrl", "inStock") VALUES (30, 'Holographic Galaxy Sticker', 'Holographic sticker with a mini galaxy and planets. Color scheme: Rainbow on Black.', 4, 'Stickers', NULL, 1);
INSERT INTO merch_items (id, name, description, price, category, "imageUrl", "inStock") VALUES (31, 'Phoenix Rebirth T-Shirt', 'T-shirt featuring a fiery phoenix rising from ashes. Color scheme: Black and Orange.', 20, 'Apparel', NULL, 1);
INSERT INTO merch_items (id, name, description, price, category, "imageUrl", "inStock") VALUES (32, 'Resist Forever Hoodie', 'Hoodie with bold RESIST text and flame accents. Color scheme: Black and Red.', 45, 'Apparel', NULL, 1);
INSERT INTO merch_items (id, name, description, price, category, "imageUrl", "inStock") VALUES (33, 'Rebel Camo Jacket', 'Camouflage jacket adorned with the R2R emblem and patches. Color scheme: Green Camo and Black.', 50, 'Apparel', NULL, 1);
INSERT INTO merch_items (id, name, description, price, category, "imageUrl", "inStock") VALUES (34, 'No Chains Long Sleeve', 'Long sleeve tee showing broken chains to symbolize freedom. Color scheme: Gray and Black.', 30, 'Apparel', NULL, 1);
INSERT INTO merch_items (id, name, description, price, category, "imageUrl", "inStock") VALUES (35, 'Resistance Symbol Tank Top', 'Tank top with a raised fist graphic and R2R tagline. Color scheme: White and Black.', 20, 'Apparel', NULL, 1);
INSERT INTO merch_items (id, name, description, price, category, "imageUrl", "inStock") VALUES (36, 'Resistance Fist Keychain', 'Metal keychain featuring a raised fist symbol charm. Color scheme: Silver and Black.', 7, 'Accessories', NULL, 1);
INSERT INTO merch_items (id, name, description, price, category, "imageUrl", "inStock") VALUES (37, 'Phoenix Flame Enamel Pin', 'Enamel pin depicting a phoenix with flames. Color scheme: Red and Gold.', 8, 'Accessories', NULL, 1);
INSERT INTO merch_items (id, name, description, price, category, "imageUrl", "inStock") VALUES (38, 'Never Surrender Wristband', 'Red silicone wristband embossed with Never Surrender. Color scheme: Red and White.', 5, 'Accessories', NULL, 1);
INSERT INTO merch_items (id, name, description, price, category, "imageUrl", "inStock") VALUES (39, 'Embroidered Rebel Patch', 'Embroidered patch with the Reincarnated2Resist phoenix emblem. Color scheme: Black and Orange.', 6, 'Accessories', NULL, 1);
INSERT INTO merch_items (id, name, description, price, category, "imageUrl", "inStock") VALUES (40, 'Freedom Bandana', 'Black bandana printed with a white phoenix and protest slogans. Color scheme: Black and White.', 10, 'Accessories', NULL, 1);
INSERT INTO merch_items (id, name, description, price, category, "imageUrl", "inStock") VALUES (41, 'Phoenix Rising Poster', 'Poster of a phoenix rising with the text Reborn to Resist. Color scheme: Orange and Black.', 10, 'Posters', NULL, 1);
INSERT INTO merch_items (id, name, description, price, category, "imageUrl", "inStock") VALUES (42, 'Fist of Resistance Poster', 'Graphic poster featuring a large raised fist and rays of light. Color scheme: Red and Black.', 12, 'Posters', NULL, 1);
INSERT INTO merch_items (id, name, description, price, category, "imageUrl", "inStock") VALUES (43, 'Rebellion Quote Poster', 'Poster with an inspirational resistance quote in bold typography. Color scheme: Black and White.', 10, 'Posters', NULL, 1);
INSERT INTO merch_items (id, name, description, price, category, "imageUrl", "inStock") VALUES (44, 'Reincarnated2Resist Logo Sticker', 'Sticker of the R2R logo with phoenix and bold text. Color scheme: Black and Red.', 3, 'Stickers', NULL, 1);
INSERT INTO merch_items (id, name, description, price, category, "imageUrl", "inStock") VALUES (45, 'Phoenix Emblem Sticker', 'Die-cut sticker of the fiery phoenix emblem alone. Color scheme: Orange and Yellow.', 4, 'Stickers', NULL, 1);

-- Insert Blog Posts
INSERT INTO blog_posts (id, title, content, excerpt, category, "imageUrl", "publishDate") VALUES (1, 'The Voice of a Generation', 'Hawk Eye the Rapper emerges as a powerful voice for truth and consciousness in hip-hop...', 'Introducing Hawk Eye - bringing conscious lyricism to the forefront', 'News', 'https://via.placeholder.com/800x400.png?text=Blog+Post', '2025-10-11T21:45:10.811Z');
INSERT INTO blog_posts (id, title, content, excerpt, category, "imageUrl", "publishDate") VALUES (2, 'Shadow Banned Album Release', 'The groundbreaking Shadow Banned album tackles censorship and digital control...', 'Exploring themes of censorship in the new Shadow Banned album', 'Releases', 'https://via.placeholder.com/800x400.png?text=Shadow+Banned', '2025-10-10T21:45:10.813Z');

-- Reset sequences
SELECT setval('albums_id_seq', (SELECT MAX(id) FROM albums));
SELECT setval('tracks_id_seq', (SELECT MAX(id) FROM tracks));
SELECT setval('merch_items_id_seq', (SELECT MAX(id) FROM merch_items));
SELECT setval('blog_posts_id_seq', (SELECT MAX(id) FROM blog_posts));
